County,Sex,Year,Statistic,Value
All counties (1),Both sexes,2011,Mean Annual Earnings (Euro),39721
All counties (1),Both sexes,2011,Median Annual Earnings (Euro),33300
All counties (1),Both sexes,2012,Mean Annual Earnings (Euro),39792
All counties (1),Both sexes,2012,Median Annual Earnings (Euro),33192
All counties (1),Both sexes,2013,Mean Annual Earnings (Euro),40015
All counties (1),Both sexes,2013,Median Annual Earnings (Euro),33414
All counties (1),Both sexes,2014,Mean Annual Earnings (Euro),40437
All counties (1),Both sexes,2014,Median Annual Earnings (Euro),33694
All counties (1),Both sexes,2015,Mean Annual Earnings (Euro),41130
All counties (1),Both sexes,2015,Median Annual Earnings (Euro),33999
All counties (1),Both sexes,2016,Mean Annual Earnings (Euro),41627
All counties (1),Both sexes,2016,Median Annual Earnings (Euro),34236
All counties (1),Both sexes,2017,Mean Annual Earnings (Euro),42666
All counties (1),Both sexes,2017,Median Annual Earnings (Euro),34973
All counties (1),Both sexes,2018,Mean Annual Earnings (Euro),44180
All counties (1),Both sexes,2018,Median Annual Earnings (Euro),36095
All counties (1),Male,2011,Mean Annual Earnings (Euro),45964
All counties (1),Male,2011,Median Annual Earnings (Euro),37656
All counties (1),Male,2012,Mean Annual Earnings (Euro),45850
All counties (1),Male,2012,Median Annual Earnings (Euro),37217
All counties (1),Male,2013,Mean Annual Earnings (Euro),45929
All counties (1),Male,2013,Median Annual Earnings (Euro),37262
All counties (1),Male,2014,Mean Annual Earnings (Euro),46405
All counties (1),Male,2014,Median Annual Earnings (Euro),37412
All counties (1),Male,2015,Mean Annual Earnings (Euro),47107
All counties (1),Male,2015,Median Annual Earnings (Euro),37452
All counties (1),Male,2016,Mean Annual Earnings (Euro),47607
All counties (1),Male,2016,Median Annual Earnings (Euro),37739
All counties (1),Male,2017,Mean Annual Earnings (Euro),48694
All counties (1),Male,2017,Median Annual Earnings (Euro),38331
All counties (1),Male,2018,Mean Annual Earnings (Euro),50430
All counties (1),Male,2018,Median Annual Earnings (Euro),39658
All counties (1),Female,2011,Mean Annual Earnings (Euro),33819
All counties (1),Female,2011,Median Annual Earnings (Euro),29293
All counties (1),Female,2012,Mean Annual Earnings (Euro),34036
All counties (1),Female,2012,Median Annual Earnings (Euro),29457
All counties (1),Female,2013,Mean Annual Earnings (Euro),34331
All counties (1),Female,2013,Median Annual Earnings (Euro),29827
All counties (1),Female,2014,Mean Annual Earnings (Euro),34596
All counties (1),Female,2014,Median Annual Earnings (Euro),30096
All counties (1),Female,2015,Mean Annual Earnings (Euro),35212
All counties (1),Female,2015,Median Annual Earnings (Euro),30499
All counties (1),Female,2016,Mean Annual Earnings (Euro),35605
All counties (1),Female,2016,Median Annual Earnings (Euro),30789
All counties (1),Female,2017,Mean Annual Earnings (Euro),36508
All counties (1),Female,2017,Median Annual Earnings (Euro),31386
All counties (1),Female,2018,Mean Annual Earnings (Euro),37750
All counties (1),Female,2018,Median Annual Earnings (Euro),32264
Carlow,Both sexes,2011,Mean Annual Earnings (Euro),34974
Carlow,Both sexes,2011,Median Annual Earnings (Euro),30719
Carlow,Both sexes,2012,Mean Annual Earnings (Euro),34715
Carlow,Both sexes,2012,Median Annual Earnings (Euro),30423
Carlow,Both sexes,2013,Mean Annual Earnings (Euro),35227
Carlow,Both sexes,2013,Median Annual Earnings (Euro),31016
Carlow,Both sexes,2014,Mean Annual Earnings (Euro),35320
Carlow,Both sexes,2014,Median Annual Earnings (Euro),31026
Carlow,Both sexes,2015,Mean Annual Earnings (Euro),35764
Carlow,Both sexes,2015,Median Annual Earnings (Euro),31118
Carlow,Both sexes,2016,Mean Annual Earnings (Euro),35720
Carlow,Both sexes,2016,Median Annual Earnings (Euro),31199
Carlow,Both sexes,2017,Mean Annual Earnings (Euro),36494
Carlow,Both sexes,2017,Median Annual Earnings (Euro),31737
Carlow,Both sexes,2018,Mean Annual Earnings (Euro),37589
Carlow,Both sexes,2018,Median Annual Earnings (Euro),32751
Carlow,Male,2011,Mean Annual Earnings (Euro),38919
Carlow,Male,2011,Median Annual Earnings (Euro),33500
Carlow,Male,2012,Mean Annual Earnings (Euro),38150
Carlow,Male,2012,Median Annual Earnings (Euro),32663
Carlow,Male,2013,Mean Annual Earnings (Euro),39023
Carlow,Male,2013,Median Annual Earnings (Euro),33301
Carlow,Male,2014,Mean Annual Earnings (Euro),38969
Carlow,Male,2014,Median Annual Earnings (Euro),33086
Carlow,Male,2015,Mean Annual Earnings (Euro),39477
Carlow,Male,2015,Median Annual Earnings (Euro),33000
Carlow,Male,2016,Mean Annual Earnings (Euro),39678
Carlow,Male,2016,Median Annual Earnings (Euro),33475
Carlow,Male,2017,Mean Annual Earnings (Euro),40553
Carlow,Male,2017,Median Annual Earnings (Euro),34174
Carlow,Male,2018,Mean Annual Earnings (Euro),41680
Carlow,Male,2018,Median Annual Earnings (Euro),35065
Carlow,Female,2011,Mean Annual Earnings (Euro),31179
Carlow,Female,2011,Median Annual Earnings (Euro),27299
Carlow,Female,2012,Mean Annual Earnings (Euro),31326
Carlow,Female,2012,Median Annual Earnings (Euro),27413
Carlow,Female,2013,Mean Annual Earnings (Euro),31483
Carlow,Female,2013,Median Annual Earnings (Euro),27830
Carlow,Female,2014,Mean Annual Earnings (Euro),31646
Carlow,Female,2014,Median Annual Earnings (Euro),28208
Carlow,Female,2015,Mean Annual Earnings (Euro),31906
Carlow,Female,2015,Median Annual Earnings (Euro),28302
Carlow,Female,2016,Mean Annual Earnings (Euro),31496
Carlow,Female,2016,Median Annual Earnings (Euro),27699
Carlow,Female,2017,Mean Annual Earnings (Euro),32049
Carlow,Female,2017,Median Annual Earnings (Euro),28000
Carlow,Female,2018,Mean Annual Earnings (Euro),33100
Carlow,Female,2018,Median Annual Earnings (Euro),28766
Dublin,Both sexes,2011,Mean Annual Earnings (Euro),44326
Dublin,Both sexes,2011,Median Annual Earnings (Euro),35915
Dublin,Both sexes,2012,Mean Annual Earnings (Euro),44414
Dublin,Both sexes,2012,Median Annual Earnings (Euro),35775
Dublin,Both sexes,2013,Mean Annual Earnings (Euro),44764
Dublin,Both sexes,2013,Median Annual Earnings (Euro),35930
Dublin,Both sexes,2014,Mean Annual Earnings (Euro),45299
Dublin,Both sexes,2014,Median Annual Earnings (Euro),36129
Dublin,Both sexes,2015,Mean Annual Earnings (Euro),46268
Dublin,Both sexes,2015,Median Annual Earnings (Euro),36416
Dublin,Both sexes,2016,Mean Annual Earnings (Euro),47216
Dublin,Both sexes,2016,Median Annual Earnings (Euro),37084
Dublin,Both sexes,2017,Mean Annual Earnings (Euro),48771
Dublin,Both sexes,2017,Median Annual Earnings (Euro),38067
Dublin,Both sexes,2018,Mean Annual Earnings (Euro),50801
Dublin,Both sexes,2018,Median Annual Earnings (Euro),39408
Dublin,Male,2011,Mean Annual Earnings (Euro),51352
Dublin,Male,2011,Median Annual Earnings (Euro),40248
Dublin,Male,2012,Mean Annual Earnings (Euro),51167
Dublin,Male,2012,Median Annual Earnings (Euro),39863
Dublin,Male,2013,Mean Annual Earnings (Euro),51443
Dublin,Male,2013,Median Annual Earnings (Euro),39999
Dublin,Male,2014,Mean Annual Earnings (Euro),52056
Dublin,Male,2014,Median Annual Earnings (Euro),40230
Dublin,Male,2015,Mean Annual Earnings (Euro),53167
Dublin,Male,2015,Median Annual Earnings (Euro),40291
Dublin,Male,2016,Mean Annual Earnings (Euro),53955
Dublin,Male,2016,Median Annual Earnings (Euro),41006
Dublin,Male,2017,Mean Annual Earnings (Euro),55685
Dublin,Male,2017,Median Annual Earnings (Euro),42086
Dublin,Male,2018,Mean Annual Earnings (Euro),58106
Dublin,Male,2018,Median Annual Earnings (Euro),43719
Dublin,Female,2011,Mean Annual Earnings (Euro),37311
Dublin,Female,2011,Median Annual Earnings (Euro),31784
Dublin,Female,2012,Mean Annual Earnings (Euro),37648
Dublin,Female,2012,Median Annual Earnings (Euro),31965
Dublin,Female,2013,Mean Annual Earnings (Euro),37996
Dublin,Female,2013,Median Annual Earnings (Euro),32198
Dublin,Female,2014,Mean Annual Earnings (Euro),38339
Dublin,Female,2014,Median Annual Earnings (Euro),32433
Dublin,Female,2015,Mean Annual Earnings (Euro),39090
Dublin,Female,2015,Median Annual Earnings (Euro),32752
Dublin,Female,2016,Mean Annual Earnings (Euro),40203
Dublin,Female,2016,Median Annual Earnings (Euro),33626
Dublin,Female,2017,Mean Annual Earnings (Euro),41506
Dublin,Female,2017,Median Annual Earnings (Euro),34534
Dublin,Female,2018,Mean Annual Earnings (Euro),43067
Dublin,Female,2018,Median Annual Earnings (Euro),35535
Kildare,Both sexes,2011,Mean Annual Earnings (Euro),42137
Kildare,Both sexes,2011,Median Annual Earnings (Euro),35795
Kildare,Both sexes,2012,Mean Annual Earnings (Euro),41991
Kildare,Both sexes,2012,Median Annual Earnings (Euro),35416
Kildare,Both sexes,2013,Mean Annual Earnings (Euro),42146
Kildare,Both sexes,2013,Median Annual Earnings (Euro),35676
Kildare,Both sexes,2014,Mean Annual Earnings (Euro),42561
Kildare,Both sexes,2014,Median Annual Earnings (Euro),35753
Kildare,Both sexes,2015,Mean Annual Earnings (Euro),43571
Kildare,Both sexes,2015,Median Annual Earnings (Euro),36243
Kildare,Both sexes,2016,Mean Annual Earnings (Euro),44395
Kildare,Both sexes,2016,Median Annual Earnings (Euro),36527
Kildare,Both sexes,2017,Mean Annual Earnings (Euro),45623
Kildare,Both sexes,2017,Median Annual Earnings (Euro),37502
Kildare,Both sexes,2018,Mean Annual Earnings (Euro),47044
Kildare,Both sexes,2018,Median Annual Earnings (Euro),38673
Kildare,Male,2011,Mean Annual Earnings (Euro),49313
Kildare,Male,2011,Median Annual Earnings (Euro),41077
Kildare,Male,2012,Mean Annual Earnings (Euro),48900
Kildare,Male,2012,Median Annual Earnings (Euro),40106
Kildare,Male,2013,Mean Annual Earnings (Euro),48883
Kildare,Male,2013,Median Annual Earnings (Euro),40327
Kildare,Male,2014,Mean Annual Earnings (Euro),49276
Kildare,Male,2014,Median Annual Earnings (Euro),40152
Kildare,Male,2015,Mean Annual Earnings (Euro),50352
Kildare,Male,2015,Median Annual Earnings (Euro),40609
Kildare,Male,2016,Mean Annual Earnings (Euro),51500
Kildare,Male,2016,Median Annual Earnings (Euro),41189
Kildare,Male,2017,Mean Annual Earnings (Euro),52807
Kildare,Male,2017,Median Annual Earnings (Euro),41902
Kildare,Male,2018,Mean Annual Earnings (Euro),54408
Kildare,Male,2018,Median Annual Earnings (Euro),43320
Kildare,Female,2011,Mean Annual Earnings (Euro),34690
Kildare,Female,2011,Median Annual Earnings (Euro),30438
Kildare,Female,2012,Mean Annual Earnings (Euro),34776
Kildare,Female,2012,Median Annual Earnings (Euro),30448
Kildare,Female,2013,Mean Annual Earnings (Euro),35107
Kildare,Female,2013,Median Annual Earnings (Euro),30799
Kildare,Female,2014,Mean Annual Earnings (Euro),35378
Kildare,Female,2014,Median Annual Earnings (Euro),31075
Kildare,Female,2015,Mean Annual Earnings (Euro),36263
Kildare,Female,2015,Median Annual Earnings (Euro),31786
Kildare,Female,2016,Mean Annual Earnings (Euro),36659
Kildare,Female,2016,Median Annual Earnings (Euro),32036
Kildare,Female,2017,Mean Annual Earnings (Euro),37735
Kildare,Female,2017,Median Annual Earnings (Euro),32898
Kildare,Female,2018,Mean Annual Earnings (Euro),39001
Kildare,Female,2018,Median Annual Earnings (Euro),33666
Kilkenny,Both sexes,2011,Mean Annual Earnings (Euro),36946
Kilkenny,Both sexes,2011,Median Annual Earnings (Euro),32098
Kilkenny,Both sexes,2012,Mean Annual Earnings (Euro),37054
Kilkenny,Both sexes,2012,Median Annual Earnings (Euro),32101
Kilkenny,Both sexes,2013,Mean Annual Earnings (Euro),37114
Kilkenny,Both sexes,2013,Median Annual Earnings (Euro),32225
Kilkenny,Both sexes,2014,Mean Annual Earnings (Euro),37357
Kilkenny,Both sexes,2014,Median Annual Earnings (Euro),32696
Kilkenny,Both sexes,2015,Mean Annual Earnings (Euro),37594
Kilkenny,Both sexes,2015,Median Annual Earnings (Euro),32727
Kilkenny,Both sexes,2016,Mean Annual Earnings (Euro),37756
Kilkenny,Both sexes,2016,Median Annual Earnings (Euro),32639
Kilkenny,Both sexes,2017,Mean Annual Earnings (Euro),38618
Kilkenny,Both sexes,2017,Median Annual Earnings (Euro),33480
Kilkenny,Both sexes,2018,Mean Annual Earnings (Euro),40080
Kilkenny,Both sexes,2018,Median Annual Earnings (Euro),34887
Kilkenny,Male,2011,Mean Annual Earnings (Euro),42632
Kilkenny,Male,2011,Median Annual Earnings (Euro),36520
Kilkenny,Male,2012,Mean Annual Earnings (Euro),42555
Kilkenny,Male,2012,Median Annual Earnings (Euro),36180
Kilkenny,Male,2013,Mean Annual Earnings (Euro),42491
Kilkenny,Male,2013,Median Annual Earnings (Euro),35969
Kilkenny,Male,2014,Mean Annual Earnings (Euro),42542
Kilkenny,Male,2014,Median Annual Earnings (Euro),35813
Kilkenny,Male,2015,Mean Annual Earnings (Euro),42603
Kilkenny,Male,2015,Median Annual Earnings (Euro),35461
Kilkenny,Male,2016,Mean Annual Earnings (Euro),42682
Kilkenny,Male,2016,Median Annual Earnings (Euro),35408
Kilkenny,Male,2017,Mean Annual Earnings (Euro),43500
Kilkenny,Male,2017,Median Annual Earnings (Euro),36150
Kilkenny,Male,2018,Mean Annual Earnings (Euro),44895
Kilkenny,Male,2018,Median Annual Earnings (Euro),37582
Kilkenny,Female,2011,Mean Annual Earnings (Euro),32282
Kilkenny,Female,2011,Median Annual Earnings (Euro),28779
Kilkenny,Female,2012,Mean Annual Earnings (Euro),32475
Kilkenny,Female,2012,Median Annual Earnings (Euro),29014
Kilkenny,Female,2013,Mean Annual Earnings (Euro),32723
Kilkenny,Female,2013,Median Annual Earnings (Euro),29279
Kilkenny,Female,2014,Mean Annual Earnings (Euro),32940
Kilkenny,Female,2014,Median Annual Earnings (Euro),29855
Kilkenny,Female,2015,Mean Annual Earnings (Euro),33220
Kilkenny,Female,2015,Median Annual Earnings (Euro),29977
Kilkenny,Female,2016,Mean Annual Earnings (Euro),33267
Kilkenny,Female,2016,Median Annual Earnings (Euro),29891
Kilkenny,Female,2017,Mean Annual Earnings (Euro),34066
Kilkenny,Female,2017,Median Annual Earnings (Euro),30832
Kilkenny,Female,2018,Mean Annual Earnings (Euro),35622
Kilkenny,Female,2018,Median Annual Earnings (Euro),32290
Laois,Both sexes,2011,Mean Annual Earnings (Euro),37313
Laois,Both sexes,2011,Median Annual Earnings (Euro),33592
Laois,Both sexes,2012,Mean Annual Earnings (Euro),36963
Laois,Both sexes,2012,Median Annual Earnings (Euro),33235
Laois,Both sexes,2013,Mean Annual Earnings (Euro),37224
Laois,Both sexes,2013,Median Annual Earnings (Euro),33582
Laois,Both sexes,2014,Mean Annual Earnings (Euro),37577
Laois,Both sexes,2014,Median Annual Earnings (Euro),33745
Laois,Both sexes,2015,Mean Annual Earnings (Euro),38023
Laois,Both sexes,2015,Median Annual Earnings (Euro),33789
Laois,Both sexes,2016,Mean Annual Earnings (Euro),38075
Laois,Both sexes,2016,Median Annual Earnings (Euro),33588
Laois,Both sexes,2017,Mean Annual Earnings (Euro),39108
Laois,Both sexes,2017,Median Annual Earnings (Euro),34343
Laois,Both sexes,2018,Mean Annual Earnings (Euro),40307
Laois,Both sexes,2018,Median Annual Earnings (Euro),35380
Laois,Male,2011,Mean Annual Earnings (Euro),42505
Laois,Male,2011,Median Annual Earnings (Euro),37778
Laois,Male,2012,Mean Annual Earnings (Euro),42099
Laois,Male,2012,Median Annual Earnings (Euro),37281
Laois,Male,2013,Mean Annual Earnings (Euro),42141
Laois,Male,2013,Median Annual Earnings (Euro),37145
Laois,Male,2014,Mean Annual Earnings (Euro),42612
Laois,Male,2014,Median Annual Earnings (Euro),37014
Laois,Male,2015,Mean Annual Earnings (Euro),42746
Laois,Male,2015,Median Annual Earnings (Euro),36919
Laois,Male,2016,Mean Annual Earnings (Euro),42946
Laois,Male,2016,Median Annual Earnings (Euro),36780
Laois,Male,2017,Mean Annual Earnings (Euro),44038
Laois,Male,2017,Median Annual Earnings (Euro),37155
Laois,Male,2018,Mean Annual Earnings (Euro),45263
Laois,Male,2018,Median Annual Earnings (Euro),38118
Laois,Female,2011,Mean Annual Earnings (Euro),32551
Laois,Female,2011,Median Annual Earnings (Euro),30040
Laois,Female,2012,Mean Annual Earnings (Euro),32280
Laois,Female,2012,Median Annual Earnings (Euro),29796
Laois,Female,2013,Mean Annual Earnings (Euro),32756
Laois,Female,2013,Median Annual Earnings (Euro),30202
Laois,Female,2014,Mean Annual Earnings (Euro),32834
Laois,Female,2014,Median Annual Earnings (Euro),30383
Laois,Female,2015,Mean Annual Earnings (Euro),33408
Laois,Female,2015,Median Annual Earnings (Euro),30809
Laois,Female,2016,Mean Annual Earnings (Euro),33257
Laois,Female,2016,Median Annual Earnings (Euro),30673
Laois,Female,2017,Mean Annual Earnings (Euro),34144
Laois,Female,2017,Median Annual Earnings (Euro),31051
Laois,Female,2018,Mean Annual Earnings (Euro),35207
Laois,Female,2018,Median Annual Earnings (Euro),32096
Longford,Both sexes,2011,Mean Annual Earnings (Euro),33632
Longford,Both sexes,2011,Median Annual Earnings (Euro),29409
Longford,Both sexes,2012,Mean Annual Earnings (Euro),33906
Longford,Both sexes,2012,Median Annual Earnings (Euro),29662
Longford,Both sexes,2013,Mean Annual Earnings (Euro),34489
Longford,Both sexes,2013,Median Annual Earnings (Euro),29999
Longford,Both sexes,2014,Mean Annual Earnings (Euro),34542
Longford,Both sexes,2014,Median Annual Earnings (Euro),30169
Longford,Both sexes,2015,Mean Annual Earnings (Euro),35206
Longford,Both sexes,2015,Median Annual Earnings (Euro),30638
Longford,Both sexes,2016,Mean Annual Earnings (Euro),34820
Longford,Both sexes,2016,Median Annual Earnings (Euro),30547
Longford,Both sexes,2017,Mean Annual Earnings (Euro),35187
Longford,Both sexes,2017,Median Annual Earnings (Euro),30736
Longford,Both sexes,2018,Mean Annual Earnings (Euro),36356
Longford,Both sexes,2018,Median Annual Earnings (Euro),31747
Longford,Male,2011,Mean Annual Earnings (Euro),37146
Longford,Male,2011,Median Annual Earnings (Euro),31881
Longford,Male,2012,Mean Annual Earnings (Euro),37199
Longford,Male,2012,Median Annual Earnings (Euro),31834
Longford,Male,2013,Mean Annual Earnings (Euro),37488
Longford,Male,2013,Median Annual Earnings (Euro),31873
Longford,Male,2014,Mean Annual Earnings (Euro),37754
Longford,Male,2014,Median Annual Earnings (Euro),32104
Longford,Male,2015,Mean Annual Earnings (Euro),38352
Longford,Male,2015,Median Annual Earnings (Euro),32486
Longford,Male,2016,Mean Annual Earnings (Euro),37860
Longford,Male,2016,Median Annual Earnings (Euro),32408
Longford,Male,2017,Mean Annual Earnings (Euro),38138
Longford,Male,2017,Median Annual Earnings (Euro),32412
Longford,Male,2018,Mean Annual Earnings (Euro),39403
Longford,Male,2018,Median Annual Earnings (Euro),33596
Longford,Female,2011,Mean Annual Earnings (Euro),30625
Longford,Female,2011,Median Annual Earnings (Euro),26725
Longford,Female,2012,Mean Annual Earnings (Euro),30969
Longford,Female,2012,Median Annual Earnings (Euro),27332
Longford,Female,2013,Mean Annual Earnings (Euro),31717
Longford,Female,2013,Median Annual Earnings (Euro),28180
Longford,Female,2014,Mean Annual Earnings (Euro),31550
Longford,Female,2014,Median Annual Earnings (Euro),27899
Longford,Female,2015,Mean Annual Earnings (Euro),32146
Longford,Female,2015,Median Annual Earnings (Euro),28531
Longford,Female,2016,Mean Annual Earnings (Euro),31665
Longford,Female,2016,Median Annual Earnings (Euro),28221
Longford,Female,2017,Mean Annual Earnings (Euro),32162
Longford,Female,2017,Median Annual Earnings (Euro),28614
Longford,Female,2018,Mean Annual Earnings (Euro),33181
Longford,Female,2018,Median Annual Earnings (Euro),29213
Louth,Both sexes,2011,Mean Annual Earnings (Euro),36288
Louth,Both sexes,2011,Median Annual Earnings (Euro),31174
Louth,Both sexes,2012,Mean Annual Earnings (Euro),35974
Louth,Both sexes,2012,Median Annual Earnings (Euro),30534
Louth,Both sexes,2013,Mean Annual Earnings (Euro),36537
Louth,Both sexes,2013,Median Annual Earnings (Euro),31242
Louth,Both sexes,2014,Mean Annual Earnings (Euro),36802
Louth,Both sexes,2014,Median Annual Earnings (Euro),31504
Louth,Both sexes,2015,Mean Annual Earnings (Euro),37343
Louth,Both sexes,2015,Median Annual Earnings (Euro),31839
Louth,Both sexes,2016,Mean Annual Earnings (Euro),37397
Louth,Both sexes,2016,Median Annual Earnings (Euro),31827
Louth,Both sexes,2017,Mean Annual Earnings (Euro),38113
Louth,Both sexes,2017,Median Annual Earnings (Euro),32509
Louth,Both sexes,2018,Mean Annual Earnings (Euro),39479
Louth,Both sexes,2018,Median Annual Earnings (Euro),33535
Louth,Male,2011,Mean Annual Earnings (Euro),41209
Louth,Male,2011,Median Annual Earnings (Euro),35395
Louth,Male,2012,Mean Annual Earnings (Euro),41113
Louth,Male,2012,Median Annual Earnings (Euro),34830
Louth,Male,2013,Mean Annual Earnings (Euro),41267
Louth,Male,2013,Median Annual Earnings (Euro),34859
Louth,Male,2014,Mean Annual Earnings (Euro),41577
Louth,Male,2014,Median Annual Earnings (Euro),34947
Louth,Male,2015,Mean Annual Earnings (Euro),42078
Louth,Male,2015,Median Annual Earnings (Euro),35014
Louth,Male,2016,Mean Annual Earnings (Euro),42084
Louth,Male,2016,Median Annual Earnings (Euro),34893
Louth,Male,2017,Mean Annual Earnings (Euro),42908
Louth,Male,2017,Median Annual Earnings (Euro),35598
Louth,Male,2018,Mean Annual Earnings (Euro),44445
Louth,Male,2018,Median Annual Earnings (Euro),36630
Louth,Female,2011,Mean Annual Earnings (Euro),31460
Louth,Female,2011,Median Annual Earnings (Euro),27149
Louth,Female,2012,Mean Annual Earnings (Euro),30724
Louth,Female,2012,Median Annual Earnings (Euro),26250
Louth,Female,2013,Mean Annual Earnings (Euro),31767
Louth,Female,2013,Median Annual Earnings (Euro),27576
Louth,Female,2014,Mean Annual Earnings (Euro),31974
Louth,Female,2014,Median Annual Earnings (Euro),28133
Louth,Female,2015,Mean Annual Earnings (Euro),32485
Louth,Female,2015,Median Annual Earnings (Euro),28646
Louth,Female,2016,Mean Annual Earnings (Euro),32459
Louth,Female,2016,Median Annual Earnings (Euro),28874
Louth,Female,2017,Mean Annual Earnings (Euro),33042
Louth,Female,2017,Median Annual Earnings (Euro),28977
Louth,Female,2018,Mean Annual Earnings (Euro),34130
Louth,Female,2018,Median Annual Earnings (Euro),29918
Meath,Both sexes,2011,Mean Annual Earnings (Euro),41128
Meath,Both sexes,2011,Median Annual Earnings (Euro),35000
Meath,Both sexes,2012,Mean Annual Earnings (Euro),40968
Meath,Both sexes,2012,Median Annual Earnings (Euro),34648
Meath,Both sexes,2013,Mean Annual Earnings (Euro),41262
Meath,Both sexes,2013,Median Annual Earnings (Euro),34919
Meath,Both sexes,2014,Mean Annual Earnings (Euro),41550
Meath,Both sexes,2014,Median Annual Earnings (Euro),35100
Meath,Both sexes,2015,Mean Annual Earnings (Euro),42195
Meath,Both sexes,2015,Median Annual Earnings (Euro),35200
Meath,Both sexes,2016,Mean Annual Earnings (Euro),42974
Meath,Both sexes,2016,Median Annual Earnings (Euro),35637
Meath,Both sexes,2017,Mean Annual Earnings (Euro),43942
Meath,Both sexes,2017,Median Annual Earnings (Euro),36231
Meath,Both sexes,2018,Mean Annual Earnings (Euro),45204
Meath,Both sexes,2018,Median Annual Earnings (Euro),37258
Meath,Male,2011,Mean Annual Earnings (Euro),48691
Meath,Male,2011,Median Annual Earnings (Euro),40715
Meath,Male,2012,Mean Annual Earnings (Euro),48229
Meath,Male,2012,Median Annual Earnings (Euro),39985
Meath,Male,2013,Mean Annual Earnings (Euro),48264
Meath,Male,2013,Median Annual Earnings (Euro),40106
Meath,Male,2014,Mean Annual Earnings (Euro),48537
Meath,Male,2014,Median Annual Earnings (Euro),40000
Meath,Male,2015,Mean Annual Earnings (Euro),49175
Meath,Male,2015,Median Annual Earnings (Euro),39782
Meath,Male,2016,Mean Annual Earnings (Euro),50062
Meath,Male,2016,Median Annual Earnings (Euro),40282
Meath,Male,2017,Mean Annual Earnings (Euro),51119
Meath,Male,2017,Median Annual Earnings (Euro),40788
Meath,Male,2018,Mean Annual Earnings (Euro),52482
Meath,Male,2018,Median Annual Earnings (Euro),42000
Meath,Female,2011,Mean Annual Earnings (Euro),33773
Meath,Female,2011,Median Annual Earnings (Euro),29888
Meath,Female,2012,Mean Annual Earnings (Euro),33875
Meath,Female,2012,Median Annual Earnings (Euro),30000
Meath,Female,2013,Mean Annual Earnings (Euro),34327
Meath,Female,2013,Median Annual Earnings (Euro),30404
Meath,Female,2014,Mean Annual Earnings (Euro),34463
Meath,Female,2014,Median Annual Earnings (Euro),30576
Meath,Female,2015,Mean Annual Earnings (Euro),35070
Meath,Female,2015,Median Annual Earnings (Euro),30842
Meath,Female,2016,Mean Annual Earnings (Euro),35475
Meath,Female,2016,Median Annual Earnings (Euro),31117
Meath,Female,2017,Mean Annual Earnings (Euro),36293
Meath,Female,2017,Median Annual Earnings (Euro),31630
Meath,Female,2018,Mean Annual Earnings (Euro),37507
Meath,Female,2018,Median Annual Earnings (Euro),32499
Offaly,Both sexes,2011,Mean Annual Earnings (Euro),35513
Offaly,Both sexes,2011,Median Annual Earnings (Euro),31491
Offaly,Both sexes,2012,Mean Annual Earnings (Euro),35585
Offaly,Both sexes,2012,Median Annual Earnings (Euro),31483
Offaly,Both sexes,2013,Mean Annual Earnings (Euro),35875
Offaly,Both sexes,2013,Median Annual Earnings (Euro),31726
Offaly,Both sexes,2014,Mean Annual Earnings (Euro),36261
Offaly,Both sexes,2014,Median Annual Earnings (Euro),31957
Offaly,Both sexes,2015,Mean Annual Earnings (Euro),36471
Offaly,Both sexes,2015,Median Annual Earnings (Euro),32010
Offaly,Both sexes,2016,Mean Annual Earnings (Euro),36327
Offaly,Both sexes,2016,Median Annual Earnings (Euro),31838
Offaly,Both sexes,2017,Mean Annual Earnings (Euro),37017
Offaly,Both sexes,2017,Median Annual Earnings (Euro),32454
Offaly,Both sexes,2018,Mean Annual Earnings (Euro),38249
Offaly,Both sexes,2018,Median Annual Earnings (Euro),33403
Offaly,Male,2011,Mean Annual Earnings (Euro),39875
Offaly,Male,2011,Median Annual Earnings (Euro),34985
Offaly,Male,2012,Mean Annual Earnings (Euro),39844
Offaly,Male,2012,Median Annual Earnings (Euro),34571
Offaly,Male,2013,Mean Annual Earnings (Euro),40187
Offaly,Male,2013,Median Annual Earnings (Euro),35000
Offaly,Male,2014,Mean Annual Earnings (Euro),40377
Offaly,Male,2014,Median Annual Earnings (Euro),34744
Offaly,Male,2015,Mean Annual Earnings (Euro),40501
Offaly,Male,2015,Median Annual Earnings (Euro),34465
Offaly,Male,2016,Mean Annual Earnings (Euro),40197
Offaly,Male,2016,Median Annual Earnings (Euro),34260
Offaly,Male,2017,Mean Annual Earnings (Euro),41050
Offaly,Male,2017,Median Annual Earnings (Euro),34714
Offaly,Male,2018,Mean Annual Earnings (Euro),42421
Offaly,Male,2018,Median Annual Earnings (Euro),36056
Offaly,Female,2011,Mean Annual Earnings (Euro),31292
Offaly,Female,2011,Median Annual Earnings (Euro),27806
Offaly,Female,2012,Mean Annual Earnings (Euro),31486
Offaly,Female,2012,Median Annual Earnings (Euro),28049
Offaly,Female,2013,Mean Annual Earnings (Euro),31691
Offaly,Female,2013,Median Annual Earnings (Euro),28614
Offaly,Female,2014,Mean Annual Earnings (Euro),32069
Offaly,Female,2014,Median Annual Earnings (Euro),29146
Offaly,Female,2015,Mean Annual Earnings (Euro),32359
Offaly,Female,2015,Median Annual Earnings (Euro),29032
Offaly,Female,2016,Mean Annual Earnings (Euro),32261
Offaly,Female,2016,Median Annual Earnings (Euro),29142
Offaly,Female,2017,Mean Annual Earnings (Euro),32778
Offaly,Female,2017,Median Annual Earnings (Euro),29188
Offaly,Female,2018,Mean Annual Earnings (Euro),33793
Offaly,Female,2018,Median Annual Earnings (Euro),29940
Westmeath,Both sexes,2011,Mean Annual Earnings (Euro),37187
Westmeath,Both sexes,2011,Median Annual Earnings (Euro),32675
Westmeath,Both sexes,2012,Mean Annual Earnings (Euro),37072
Westmeath,Both sexes,2012,Median Annual Earnings (Euro),32520
Westmeath,Both sexes,2013,Mean Annual Earnings (Euro),37038
Westmeath,Both sexes,2013,Median Annual Earnings (Euro),32544
Westmeath,Both sexes,2014,Mean Annual Earnings (Euro),37445
Westmeath,Both sexes,2014,Median Annual Earnings (Euro),32967
Westmeath,Both sexes,2015,Mean Annual Earnings (Euro),38245
Westmeath,Both sexes,2015,Median Annual Earnings (Euro),33188
Westmeath,Both sexes,2016,Mean Annual Earnings (Euro),38360
Westmeath,Both sexes,2016,Median Annual Earnings (Euro),33399
Westmeath,Both sexes,2017,Mean Annual Earnings (Euro),38930
Westmeath,Both sexes,2017,Median Annual Earnings (Euro),33667
Westmeath,Both sexes,2018,Mean Annual Earnings (Euro),40113
Westmeath,Both sexes,2018,Median Annual Earnings (Euro),34769
Westmeath,Male,2011,Mean Annual Earnings (Euro),41835
Westmeath,Male,2011,Median Annual Earnings (Euro),36342
Westmeath,Male,2012,Mean Annual Earnings (Euro),41517
Westmeath,Male,2012,Median Annual Earnings (Euro),35961
Westmeath,Male,2013,Mean Annual Earnings (Euro),41316
Westmeath,Male,2013,Median Annual Earnings (Euro),36000
Westmeath,Male,2014,Mean Annual Earnings (Euro),41548
Westmeath,Male,2014,Median Annual Earnings (Euro),35801
Westmeath,Male,2015,Mean Annual Earnings (Euro),42490
Westmeath,Male,2015,Median Annual Earnings (Euro),35877
Westmeath,Male,2016,Mean Annual Earnings (Euro),42858
Westmeath,Male,2016,Median Annual Earnings (Euro),36047
Westmeath,Male,2017,Mean Annual Earnings (Euro),43379
Westmeath,Male,2017,Median Annual Earnings (Euro),36301
Westmeath,Male,2018,Mean Annual Earnings (Euro),44811
Westmeath,Male,2018,Median Annual Earnings (Euro),37536
Westmeath,Female,2011,Mean Annual Earnings (Euro),32735
Westmeath,Female,2011,Median Annual Earnings (Euro),28537
Westmeath,Female,2012,Mean Annual Earnings (Euro),32858
Westmeath,Female,2012,Median Annual Earnings (Euro),28681
Westmeath,Female,2013,Mean Annual Earnings (Euro),32920
Westmeath,Female,2013,Median Annual Earnings (Euro),28901
Westmeath,Female,2014,Mean Annual Earnings (Euro),33317
Westmeath,Female,2014,Median Annual Earnings (Euro),29712
Westmeath,Female,2015,Mean Annual Earnings (Euro),33911
Westmeath,Female,2015,Median Annual Earnings (Euro),29897
Westmeath,Female,2016,Mean Annual Earnings (Euro),33639
Westmeath,Female,2016,Median Annual Earnings (Euro),29814
Westmeath,Female,2017,Mean Annual Earnings (Euro),34237
Westmeath,Female,2017,Median Annual Earnings (Euro),30024
Westmeath,Female,2018,Mean Annual Earnings (Euro),35209
Westmeath,Female,2018,Median Annual Earnings (Euro),30818
Wexford,Both sexes,2011,Mean Annual Earnings (Euro),33792
Wexford,Both sexes,2011,Median Annual Earnings (Euro),29091
Wexford,Both sexes,2012,Mean Annual Earnings (Euro),33983
Wexford,Both sexes,2012,Median Annual Earnings (Euro),29306
Wexford,Both sexes,2013,Mean Annual Earnings (Euro),33920
Wexford,Both sexes,2013,Median Annual Earnings (Euro),29333
Wexford,Both sexes,2014,Mean Annual Earnings (Euro),33933
Wexford,Both sexes,2014,Median Annual Earnings (Euro),29580
Wexford,Both sexes,2015,Mean Annual Earnings (Euro),34558
Wexford,Both sexes,2015,Median Annual Earnings (Euro),29972
Wexford,Both sexes,2016,Mean Annual Earnings (Euro),34824
Wexford,Both sexes,2016,Median Annual Earnings (Euro),30162
Wexford,Both sexes,2017,Mean Annual Earnings (Euro),35511
Wexford,Both sexes,2017,Median Annual Earnings (Euro),30721
Wexford,Both sexes,2018,Mean Annual Earnings (Euro),36617
Wexford,Both sexes,2018,Median Annual Earnings (Euro),31590
Wexford,Male,2011,Mean Annual Earnings (Euro),38724
Wexford,Male,2011,Median Annual Earnings (Euro),33085
Wexford,Male,2012,Mean Annual Earnings (Euro),38759
Wexford,Male,2012,Median Annual Earnings (Euro),32902
Wexford,Male,2013,Mean Annual Earnings (Euro),38378
Wexford,Male,2013,Median Annual Earnings (Euro),32445
Wexford,Male,2014,Mean Annual Earnings (Euro),38426
Wexford,Male,2014,Median Annual Earnings (Euro),32657
Wexford,Male,2015,Mean Annual Earnings (Euro),38741
Wexford,Male,2015,Median Annual Earnings (Euro),32372
Wexford,Male,2016,Mean Annual Earnings (Euro),39241
Wexford,Male,2016,Median Annual Earnings (Euro),32853
Wexford,Male,2017,Mean Annual Earnings (Euro),39816
Wexford,Male,2017,Median Annual Earnings (Euro),33333
Wexford,Male,2018,Mean Annual Earnings (Euro),41021
Wexford,Male,2018,Median Annual Earnings (Euro),34330
Wexford,Female,2011,Mean Annual Earnings (Euro),29628
Wexford,Female,2011,Median Annual Earnings (Euro),25650
Wexford,Female,2012,Mean Annual Earnings (Euro),29943
Wexford,Female,2012,Median Annual Earnings (Euro),25990
Wexford,Female,2013,Mean Annual Earnings (Euro),30064
Wexford,Female,2013,Median Annual Earnings (Euro),26166
Wexford,Female,2014,Mean Annual Earnings (Euro),29931
Wexford,Female,2014,Median Annual Earnings (Euro),26168
Wexford,Female,2015,Mean Annual Earnings (Euro),30704
Wexford,Female,2015,Median Annual Earnings (Euro),26918
Wexford,Female,2016,Mean Annual Earnings (Euro),30578
Wexford,Female,2016,Median Annual Earnings (Euro),26808
Wexford,Female,2017,Mean Annual Earnings (Euro),31295
Wexford,Female,2017,Median Annual Earnings (Euro),27349
Wexford,Female,2018,Mean Annual Earnings (Euro),32285
Wexford,Female,2018,Median Annual Earnings (Euro),28284
Wicklow,Both sexes,2011,Mean Annual Earnings (Euro),41846
Wicklow,Both sexes,2011,Median Annual Earnings (Euro),34194
Wicklow,Both sexes,2012,Mean Annual Earnings (Euro),41567
Wicklow,Both sexes,2012,Median Annual Earnings (Euro),34020
Wicklow,Both sexes,2013,Mean Annual Earnings (Euro),41515
Wicklow,Both sexes,2013,Median Annual Earnings (Euro),34041
Wicklow,Both sexes,2014,Mean Annual Earnings (Euro),42004
Wicklow,Both sexes,2014,Median Annual Earnings (Euro),34373
Wicklow,Both sexes,2015,Mean Annual Earnings (Euro),42678
Wicklow,Both sexes,2015,Median Annual Earnings (Euro),34510
Wicklow,Both sexes,2016,Mean Annual Earnings (Euro),43340
Wicklow,Both sexes,2016,Median Annual Earnings (Euro),34857
Wicklow,Both sexes,2017,Mean Annual Earnings (Euro),44300
Wicklow,Both sexes,2017,Median Annual Earnings (Euro),35503
Wicklow,Both sexes,2018,Mean Annual Earnings (Euro),45743
Wicklow,Both sexes,2018,Median Annual Earnings (Euro),36592
Wicklow,Male,2011,Mean Annual Earnings (Euro),49947
Wicklow,Male,2011,Median Annual Earnings (Euro),40112
Wicklow,Male,2012,Mean Annual Earnings (Euro),49294
Wicklow,Male,2012,Median Annual Earnings (Euro),39301
Wicklow,Male,2013,Mean Annual Earnings (Euro),49039
Wicklow,Male,2013,Median Annual Earnings (Euro),39060
Wicklow,Male,2014,Mean Annual Earnings (Euro),49748
Wicklow,Male,2014,Median Annual Earnings (Euro),39311
Wicklow,Male,2015,Mean Annual Earnings (Euro),50236
Wicklow,Male,2015,Median Annual Earnings (Euro),38951
Wicklow,Male,2016,Mean Annual Earnings (Euro),50853
Wicklow,Male,2016,Median Annual Earnings (Euro),39445
Wicklow,Male,2017,Mean Annual Earnings (Euro),51786
Wicklow,Male,2017,Median Annual Earnings (Euro),39936
Wicklow,Male,2018,Mean Annual Earnings (Euro),53685
Wicklow,Male,2018,Median Annual Earnings (Euro),41362
Wicklow,Female,2011,Mean Annual Earnings (Euro),34087
Wicklow,Female,2011,Median Annual Earnings (Euro),29110
Wicklow,Female,2012,Mean Annual Earnings (Euro),34275
Wicklow,Female,2012,Median Annual Earnings (Euro),29293
Wicklow,Female,2013,Mean Annual Earnings (Euro),34251
Wicklow,Female,2013,Median Annual Earnings (Euro),29441
Wicklow,Female,2014,Mean Annual Earnings (Euro),34554
Wicklow,Female,2014,Median Annual Earnings (Euro),29768
Wicklow,Female,2015,Mean Annual Earnings (Euro),35280
Wicklow,Female,2015,Median Annual Earnings (Euro),30100
Wicklow,Female,2016,Mean Annual Earnings (Euro),35771
Wicklow,Female,2016,Median Annual Earnings (Euro),30571
Wicklow,Female,2017,Mean Annual Earnings (Euro),36652
Wicklow,Female,2017,Median Annual Earnings (Euro),31200
Wicklow,Female,2018,Mean Annual Earnings (Euro),37744
Wicklow,Female,2018,Median Annual Earnings (Euro),31857
Clare,Both sexes,2011,Mean Annual Earnings (Euro),38843
Clare,Both sexes,2011,Median Annual Earnings (Euro),33008
Clare,Both sexes,2012,Mean Annual Earnings (Euro),38926
Clare,Both sexes,2012,Median Annual Earnings (Euro),33154
Clare,Both sexes,2013,Mean Annual Earnings (Euro),38821
Clare,Both sexes,2013,Median Annual Earnings (Euro),33063
Clare,Both sexes,2014,Mean Annual Earnings (Euro),39309
Clare,Both sexes,2014,Median Annual Earnings (Euro),33701
Clare,Both sexes,2015,Mean Annual Earnings (Euro),40007
Clare,Both sexes,2015,Median Annual Earnings (Euro),34036
Clare,Both sexes,2016,Mean Annual Earnings (Euro),40141
Clare,Both sexes,2016,Median Annual Earnings (Euro),33947
Clare,Both sexes,2017,Mean Annual Earnings (Euro),41147
Clare,Both sexes,2017,Median Annual Earnings (Euro),34580
Clare,Both sexes,2018,Mean Annual Earnings (Euro),42241
Clare,Both sexes,2018,Median Annual Earnings (Euro),35568
Clare,Male,2011,Mean Annual Earnings (Euro),45614
Clare,Male,2011,Median Annual Earnings (Euro),38084
Clare,Male,2012,Mean Annual Earnings (Euro),45505
Clare,Male,2012,Median Annual Earnings (Euro),37864
Clare,Male,2013,Mean Annual Earnings (Euro),45133
Clare,Male,2013,Median Annual Earnings (Euro),37120
Clare,Male,2014,Mean Annual Earnings (Euro),46008
Clare,Male,2014,Median Annual Earnings (Euro),38196
Clare,Male,2015,Mean Annual Earnings (Euro),46493
Clare,Male,2015,Median Annual Earnings (Euro),38296
Clare,Male,2016,Mean Annual Earnings (Euro),46610
Clare,Male,2016,Median Annual Earnings (Euro),38170
Clare,Male,2017,Mean Annual Earnings (Euro),47663
Clare,Male,2017,Median Annual Earnings (Euro),38493
Clare,Male,2018,Mean Annual Earnings (Euro),48624
Clare,Male,2018,Median Annual Earnings (Euro),39440
Clare,Female,2011,Mean Annual Earnings (Euro),32736
Clare,Female,2011,Median Annual Earnings (Euro),28663
Clare,Female,2012,Mean Annual Earnings (Euro),32893
Clare,Female,2012,Median Annual Earnings (Euro),28942
Clare,Female,2013,Mean Annual Earnings (Euro),33078
Clare,Female,2013,Median Annual Earnings (Euro),29169
Clare,Female,2014,Mean Annual Earnings (Euro),33295
Clare,Female,2014,Median Annual Earnings (Euro),29654
Clare,Female,2015,Mean Annual Earnings (Euro),34007
Clare,Female,2015,Median Annual Earnings (Euro),30000
Clare,Female,2016,Mean Annual Earnings (Euro),33998
Clare,Female,2016,Median Annual Earnings (Euro),29901
Clare,Female,2017,Mean Annual Earnings (Euro),34800
Clare,Female,2017,Median Annual Earnings (Euro),30499
Clare,Female,2018,Mean Annual Earnings (Euro),35949
Clare,Female,2018,Median Annual Earnings (Euro),31479
Cork,Both sexes,2011,Mean Annual Earnings (Euro),39254
Cork,Both sexes,2011,Median Annual Earnings (Euro),33109
Cork,Both sexes,2012,Mean Annual Earnings (Euro),39504
Cork,Both sexes,2012,Median Annual Earnings (Euro),33202
Cork,Both sexes,2013,Mean Annual Earnings (Euro),39771
Cork,Both sexes,2013,Median Annual Earnings (Euro),33504
Cork,Both sexes,2014,Mean Annual Earnings (Euro),40329
Cork,Both sexes,2014,Median Annual Earnings (Euro),33940
Cork,Both sexes,2015,Mean Annual Earnings (Euro),40975
Cork,Both sexes,2015,Median Annual Earnings (Euro),34289
Cork,Both sexes,2016,Mean Annual Earnings (Euro),41393
Cork,Both sexes,2016,Median Annual Earnings (Euro),34530
Cork,Both sexes,2017,Mean Annual Earnings (Euro),42315
Cork,Both sexes,2017,Median Annual Earnings (Euro),35219
Cork,Both sexes,2018,Mean Annual Earnings (Euro),44134
Cork,Both sexes,2018,Median Annual Earnings (Euro),36747
Cork,Male,2011,Mean Annual Earnings (Euro),46126
Cork,Male,2011,Median Annual Earnings (Euro),38727
Cork,Male,2012,Mean Annual Earnings (Euro),46261
Cork,Male,2012,Median Annual Earnings (Euro),38520
Cork,Male,2013,Mean Annual Earnings (Euro),46403
Cork,Male,2013,Median Annual Earnings (Euro),38700
Cork,Male,2014,Mean Annual Earnings (Euro),47062
Cork,Male,2014,Median Annual Earnings (Euro),38983
Cork,Male,2015,Mean Annual Earnings (Euro),47664
Cork,Male,2015,Median Annual Earnings (Euro),39136
Cork,Male,2016,Mean Annual Earnings (Euro),48288
Cork,Male,2016,Median Annual Earnings (Euro),39499
Cork,Male,2017,Mean Annual Earnings (Euro),49230
Cork,Male,2017,Median Annual Earnings (Euro),39940
Cork,Male,2018,Mean Annual Earnings (Euro),51404
Cork,Male,2018,Median Annual Earnings (Euro),41735
Cork,Female,2011,Mean Annual Earnings (Euro),32576
Cork,Female,2011,Median Annual Earnings (Euro),28195
Cork,Female,2012,Mean Annual Earnings (Euro),32936
Cork,Female,2012,Median Annual Earnings (Euro),28493
Cork,Female,2013,Mean Annual Earnings (Euro),33181
Cork,Female,2013,Median Annual Earnings (Euro),28833
Cork,Female,2014,Mean Annual Earnings (Euro),33504
Cork,Female,2014,Median Annual Earnings (Euro),29336
Cork,Female,2015,Mean Annual Earnings (Euro),34151
Cork,Female,2015,Median Annual Earnings (Euro),29737
Cork,Female,2016,Mean Annual Earnings (Euro),34276
Cork,Female,2016,Median Annual Earnings (Euro),29837
Cork,Female,2017,Mean Annual Earnings (Euro),35117
Cork,Female,2017,Median Annual Earnings (Euro),30469
Cork,Female,2018,Mean Annual Earnings (Euro),36476
Cork,Female,2018,Median Annual Earnings (Euro),31530
Kerry,Both sexes,2011,Mean Annual Earnings (Euro),34657
Kerry,Both sexes,2011,Median Annual Earnings (Euro),29500
Kerry,Both sexes,2012,Mean Annual Earnings (Euro),34886
Kerry,Both sexes,2012,Median Annual Earnings (Euro),29643
Kerry,Both sexes,2013,Mean Annual Earnings (Euro),35015
Kerry,Both sexes,2013,Median Annual Earnings (Euro),29859
Kerry,Both sexes,2014,Mean Annual Earnings (Euro),35449
Kerry,Both sexes,2014,Median Annual Earnings (Euro),30146
Kerry,Both sexes,2015,Mean Annual Earnings (Euro),35915
Kerry,Both sexes,2015,Median Annual Earnings (Euro),30575
Kerry,Both sexes,2016,Mean Annual Earnings (Euro),35315
Kerry,Both sexes,2016,Median Annual Earnings (Euro),30086
Kerry,Both sexes,2017,Mean Annual Earnings (Euro),36038
Kerry,Both sexes,2017,Median Annual Earnings (Euro),30680
Kerry,Both sexes,2018,Mean Annual Earnings (Euro),36966
Kerry,Both sexes,2018,Median Annual Earnings (Euro),31434
Kerry,Male,2011,Mean Annual Earnings (Euro),39561
Kerry,Male,2011,Median Annual Earnings (Euro),33406
Kerry,Male,2012,Mean Annual Earnings (Euro),39809
Kerry,Male,2012,Median Annual Earnings (Euro),33385
Kerry,Male,2013,Mean Annual Earnings (Euro),39770
Kerry,Male,2013,Median Annual Earnings (Euro),33475
Kerry,Male,2014,Mean Annual Earnings (Euro),40368
Kerry,Male,2014,Median Annual Earnings (Euro),33512
Kerry,Male,2015,Mean Annual Earnings (Euro),40894
Kerry,Male,2015,Median Annual Earnings (Euro),33966
Kerry,Male,2016,Mean Annual Earnings (Euro),40113
Kerry,Male,2016,Median Annual Earnings (Euro),33443
Kerry,Male,2017,Mean Annual Earnings (Euro),40805
Kerry,Male,2017,Median Annual Earnings (Euro),33868
Kerry,Male,2018,Mean Annual Earnings (Euro),41916
Kerry,Male,2018,Median Annual Earnings (Euro),34915
Kerry,Female,2011,Mean Annual Earnings (Euro),30479
Kerry,Female,2011,Median Annual Earnings (Euro),26132
Kerry,Female,2012,Mean Annual Earnings (Euro),30642
Kerry,Female,2012,Median Annual Earnings (Euro),26400
Kerry,Female,2013,Mean Annual Earnings (Euro),30935
Kerry,Female,2013,Median Annual Earnings (Euro),26754
Kerry,Female,2014,Mean Annual Earnings (Euro),31124
Kerry,Female,2014,Median Annual Earnings (Euro),27075
Kerry,Female,2015,Mean Annual Earnings (Euro),31452
Kerry,Female,2015,Median Annual Earnings (Euro),27300
Kerry,Female,2016,Mean Annual Earnings (Euro),30851
Kerry,Female,2016,Median Annual Earnings (Euro),26590
Kerry,Female,2017,Mean Annual Earnings (Euro),31563
Kerry,Female,2017,Median Annual Earnings (Euro),27144
Kerry,Female,2018,Mean Annual Earnings (Euro),32326
Kerry,Female,2018,Median Annual Earnings (Euro),27681
Limerick,Both sexes,2011,Mean Annual Earnings (Euro),38279
Limerick,Both sexes,2011,Median Annual Earnings (Euro),32328
Limerick,Both sexes,2012,Mean Annual Earnings (Euro),38858
Limerick,Both sexes,2012,Median Annual Earnings (Euro),32551
Limerick,Both sexes,2013,Mean Annual Earnings (Euro),38586
Limerick,Both sexes,2013,Median Annual Earnings (Euro),32422
Limerick,Both sexes,2014,Mean Annual Earnings (Euro),39313
Limerick,Both sexes,2014,Median Annual Earnings (Euro),33154
Limerick,Both sexes,2015,Mean Annual Earnings (Euro),39939
Limerick,Both sexes,2015,Median Annual Earnings (Euro),33633
Limerick,Both sexes,2016,Mean Annual Earnings (Euro),39938
Limerick,Both sexes,2016,Median Annual Earnings (Euro),33422
Limerick,Both sexes,2017,Mean Annual Earnings (Euro),40894
Limerick,Both sexes,2017,Median Annual Earnings (Euro),34055
Limerick,Both sexes,2018,Mean Annual Earnings (Euro),42223
Limerick,Both sexes,2018,Median Annual Earnings (Euro),35313
Limerick,Male,2011,Mean Annual Earnings (Euro),44282
Limerick,Male,2011,Median Annual Earnings (Euro),36846
Limerick,Male,2012,Mean Annual Earnings (Euro),45133
Limerick,Male,2012,Median Annual Earnings (Euro),36965
Limerick,Male,2013,Mean Annual Earnings (Euro),44451
Limerick,Male,2013,Median Annual Earnings (Euro),36574
Limerick,Male,2014,Mean Annual Earnings (Euro),45259
Limerick,Male,2014,Median Annual Earnings (Euro),37225
Limerick,Male,2015,Mean Annual Earnings (Euro),45873
Limerick,Male,2015,Median Annual Earnings (Euro),37337
Limerick,Male,2016,Mean Annual Earnings (Euro),45911
Limerick,Male,2016,Median Annual Earnings (Euro),37436
Limerick,Male,2017,Mean Annual Earnings (Euro),47003
Limerick,Male,2017,Median Annual Earnings (Euro),38083
Limerick,Male,2018,Mean Annual Earnings (Euro),48293
Limerick,Male,2018,Median Annual Earnings (Euro),39417
Limerick,Female,2011,Mean Annual Earnings (Euro),32512
Limerick,Female,2011,Median Annual Earnings (Euro),28146
Limerick,Female,2012,Mean Annual Earnings (Euro),32756
Limerick,Female,2012,Median Annual Earnings (Euro),28294
Limerick,Female,2013,Mean Annual Earnings (Euro),32898
Limerick,Female,2013,Median Annual Earnings (Euro),28600
Limerick,Female,2014,Mean Annual Earnings (Euro),33343
Limerick,Female,2014,Median Annual Earnings (Euro),29247
Limerick,Female,2015,Mean Annual Earnings (Euro),33887
Limerick,Female,2015,Median Annual Earnings (Euro),29739
Limerick,Female,2016,Mean Annual Earnings (Euro),33723
Limerick,Female,2016,Median Annual Earnings (Euro),29502
Limerick,Female,2017,Mean Annual Earnings (Euro),34490
Limerick,Female,2017,Median Annual Earnings (Euro),29972
Limerick,Female,2018,Mean Annual Earnings (Euro),35757
Limerick,Female,2018,Median Annual Earnings (Euro),31099
Tipperary,Both sexes,2011,Mean Annual Earnings (Euro),35869
Tipperary,Both sexes,2011,Median Annual Earnings (Euro),31396
Tipperary,Both sexes,2012,Mean Annual Earnings (Euro),35902
Tipperary,Both sexes,2012,Median Annual Earnings (Euro),31353
Tipperary,Both sexes,2013,Mean Annual Earnings (Euro),36232
Tipperary,Both sexes,2013,Median Annual Earnings (Euro),31608
Tipperary,Both sexes,2014,Mean Annual Earnings (Euro),36691
Tipperary,Both sexes,2014,Median Annual Earnings (Euro),31827
Tipperary,Both sexes,2015,Mean Annual Earnings (Euro),37061
Tipperary,Both sexes,2015,Median Annual Earnings (Euro),31943
Tipperary,Both sexes,2016,Mean Annual Earnings (Euro),36790
Tipperary,Both sexes,2016,Median Annual Earnings (Euro),31664
Tipperary,Both sexes,2017,Mean Annual Earnings (Euro),37670
Tipperary,Both sexes,2017,Median Annual Earnings (Euro),32292
Tipperary,Both sexes,2018,Mean Annual Earnings (Euro),38625
Tipperary,Both sexes,2018,Median Annual Earnings (Euro),33142
Tipperary,Male,2011,Mean Annual Earnings (Euro),41207
Tipperary,Male,2011,Median Annual Earnings (Euro),35246
Tipperary,Male,2012,Mean Annual Earnings (Euro),41070
Tipperary,Male,2012,Median Annual Earnings (Euro),34789
Tipperary,Male,2013,Mean Annual Earnings (Euro),41210
Tipperary,Male,2013,Median Annual Earnings (Euro),34758
Tipperary,Male,2014,Mean Annual Earnings (Euro),41713
Tipperary,Male,2014,Median Annual Earnings (Euro),34924
Tipperary,Male,2015,Mean Annual Earnings (Euro),41926
Tipperary,Male,2015,Median Annual Earnings (Euro),34851
Tipperary,Male,2016,Mean Annual Earnings (Euro),41726
Tipperary,Male,2016,Median Annual Earnings (Euro),34867
Tipperary,Male,2017,Mean Annual Earnings (Euro),42624
Tipperary,Male,2017,Median Annual Earnings (Euro),35163
Tipperary,Male,2018,Mean Annual Earnings (Euro),43598
Tipperary,Male,2018,Median Annual Earnings (Euro),36201
Tipperary,Female,2011,Mean Annual Earnings (Euro),31115
Tipperary,Female,2011,Median Annual Earnings (Euro),27608
Tipperary,Female,2012,Mean Annual Earnings (Euro),31316
Tipperary,Female,2012,Median Annual Earnings (Euro),27769
Tipperary,Female,2013,Mean Annual Earnings (Euro),31685
Tipperary,Female,2013,Median Annual Earnings (Euro),28335
Tipperary,Female,2014,Mean Annual Earnings (Euro),32034
Tipperary,Female,2014,Median Annual Earnings (Euro),28654
Tipperary,Female,2015,Mean Annual Earnings (Euro),32505
Tipperary,Female,2015,Median Annual Earnings (Euro),29070
Tipperary,Female,2016,Mean Annual Earnings (Euro),32121
Tipperary,Female,2016,Median Annual Earnings (Euro),28500
Tipperary,Female,2017,Mean Annual Earnings (Euro),32887
Tipperary,Female,2017,Median Annual Earnings (Euro),28789
Tipperary,Female,2018,Mean Annual Earnings (Euro),33814
Tipperary,Female,2018,Median Annual Earnings (Euro),29774
Waterford,Both sexes,2011,Mean Annual Earnings (Euro),37003
Waterford,Both sexes,2011,Median Annual Earnings (Euro),32208
Waterford,Both sexes,2012,Mean Annual Earnings (Euro),36884
Waterford,Both sexes,2012,Median Annual Earnings (Euro),31940
Waterford,Both sexes,2013,Mean Annual Earnings (Euro),37109
Waterford,Both sexes,2013,Median Annual Earnings (Euro),31999
Waterford,Both sexes,2014,Mean Annual Earnings (Euro),37154
Waterford,Both sexes,2014,Median Annual Earnings (Euro),32107
Waterford,Both sexes,2015,Mean Annual Earnings (Euro),37404
Waterford,Both sexes,2015,Median Annual Earnings (Euro),32174
Waterford,Both sexes,2016,Mean Annual Earnings (Euro),37702
Waterford,Both sexes,2016,Median Annual Earnings (Euro),32228
Waterford,Both sexes,2017,Mean Annual Earnings (Euro),38602
Waterford,Both sexes,2017,Median Annual Earnings (Euro),32954
Waterford,Both sexes,2018,Mean Annual Earnings (Euro),39501
Waterford,Both sexes,2018,Median Annual Earnings (Euro),33841
Waterford,Male,2011,Mean Annual Earnings (Euro),42966
Waterford,Male,2011,Median Annual Earnings (Euro),37548
Waterford,Male,2012,Mean Annual Earnings (Euro),42840
Waterford,Male,2012,Median Annual Earnings (Euro),37062
Waterford,Male,2013,Mean Annual Earnings (Euro),42858
Waterford,Male,2013,Median Annual Earnings (Euro),37007
Waterford,Male,2014,Mean Annual Earnings (Euro),42778
Waterford,Male,2014,Median Annual Earnings (Euro),36624
Waterford,Male,2015,Mean Annual Earnings (Euro),42920
Waterford,Male,2015,Median Annual Earnings (Euro),36228
Waterford,Male,2016,Mean Annual Earnings (Euro),43319
Waterford,Male,2016,Median Annual Earnings (Euro),36166
Waterford,Male,2017,Mean Annual Earnings (Euro),44213
Waterford,Male,2017,Median Annual Earnings (Euro),36815
Waterford,Male,2018,Mean Annual Earnings (Euro),45202
Waterford,Male,2018,Median Annual Earnings (Euro),37659
Waterford,Female,2011,Mean Annual Earnings (Euro),31442
Waterford,Female,2011,Median Annual Earnings (Euro),27413
Waterford,Female,2012,Mean Annual Earnings (Euro),31331
Waterford,Female,2012,Median Annual Earnings (Euro),27140
Waterford,Female,2013,Mean Annual Earnings (Euro),31739
Waterford,Female,2013,Median Annual Earnings (Euro),27659
Waterford,Female,2014,Mean Annual Earnings (Euro),31734
Waterford,Female,2014,Median Annual Earnings (Euro),27739
Waterford,Female,2015,Mean Annual Earnings (Euro),31999
Waterford,Female,2015,Median Annual Earnings (Euro),27753
Waterford,Female,2016,Mean Annual Earnings (Euro),32014
Waterford,Female,2016,Median Annual Earnings (Euro),28009
Waterford,Female,2017,Mean Annual Earnings (Euro),32814
Waterford,Female,2017,Median Annual Earnings (Euro),28440
Waterford,Female,2018,Mean Annual Earnings (Euro),33636
Waterford,Female,2018,Median Annual Earnings (Euro),29148
Galway,Both sexes,2011,Mean Annual Earnings (Euro),37650
Galway,Both sexes,2011,Median Annual Earnings (Euro),32487
Galway,Both sexes,2012,Mean Annual Earnings (Euro),37802
Galway,Both sexes,2012,Median Annual Earnings (Euro),32191
Galway,Both sexes,2013,Mean Annual Earnings (Euro),38137
Galway,Both sexes,2013,Median Annual Earnings (Euro),32718
Galway,Both sexes,2014,Mean Annual Earnings (Euro),38331
Galway,Both sexes,2014,Median Annual Earnings (Euro),32772
Galway,Both sexes,2015,Mean Annual Earnings (Euro),39449
Galway,Both sexes,2015,Median Annual Earnings (Euro),33629
Galway,Both sexes,2016,Mean Annual Earnings (Euro),39469
Galway,Both sexes,2016,Median Annual Earnings (Euro),33638
Galway,Both sexes,2017,Mean Annual Earnings (Euro),40344
Galway,Both sexes,2017,Median Annual Earnings (Euro),34430
Galway,Both sexes,2018,Mean Annual Earnings (Euro),41765
Galway,Both sexes,2018,Median Annual Earnings (Euro),35632
Galway,Male,2011,Mean Annual Earnings (Euro),42314
Galway,Male,2011,Median Annual Earnings (Euro),35264
Galway,Male,2012,Mean Annual Earnings (Euro),42388
Galway,Male,2012,Median Annual Earnings (Euro),34870
Galway,Male,2013,Mean Annual Earnings (Euro),42728
Galway,Male,2013,Median Annual Earnings (Euro),35198
Galway,Male,2014,Mean Annual Earnings (Euro),43045
Galway,Male,2014,Median Annual Earnings (Euro),35165
Galway,Male,2015,Mean Annual Earnings (Euro),44468
Galway,Male,2015,Median Annual Earnings (Euro),36035
Galway,Male,2016,Mean Annual Earnings (Euro),44431
Galway,Male,2016,Median Annual Earnings (Euro),36179
Galway,Male,2017,Mean Annual Earnings (Euro),45285
Galway,Male,2017,Median Annual Earnings (Euro),36708
Galway,Male,2018,Mean Annual Earnings (Euro),46803
Galway,Male,2018,Median Annual Earnings (Euro),38017
Galway,Female,2011,Mean Annual Earnings (Euro),33642
Galway,Female,2011,Median Annual Earnings (Euro),30000
Galway,Female,2012,Mean Annual Earnings (Euro),33811
Galway,Female,2012,Median Annual Earnings (Euro),29952
Galway,Female,2013,Mean Annual Earnings (Euro),34041
Galway,Female,2013,Median Annual Earnings (Euro),30420
Galway,Female,2014,Mean Annual Earnings (Euro),34149
Galway,Female,2014,Median Annual Earnings (Euro),30574
Galway,Female,2015,Mean Annual Earnings (Euro),34923
Galway,Female,2015,Median Annual Earnings (Euro),31240
Galway,Female,2016,Mean Annual Earnings (Euro),34806
Galway,Female,2016,Median Annual Earnings (Euro),31096
Galway,Female,2017,Mean Annual Earnings (Euro),35659
Galway,Female,2017,Median Annual Earnings (Euro),31804
Galway,Female,2018,Mean Annual Earnings (Euro),36921
Galway,Female,2018,Median Annual Earnings (Euro),32800
Leitrim,Both sexes,2011,Mean Annual Earnings (Euro),34768
Leitrim,Both sexes,2011,Median Annual Earnings (Euro),31803
Leitrim,Both sexes,2012,Mean Annual Earnings (Euro),34556
Leitrim,Both sexes,2012,Median Annual Earnings (Euro),31298
Leitrim,Both sexes,2013,Mean Annual Earnings (Euro),35036
Leitrim,Both sexes,2013,Median Annual Earnings (Euro),31688
Leitrim,Both sexes,2014,Mean Annual Earnings (Euro),35380
Leitrim,Both sexes,2014,Median Annual Earnings (Euro),31922
Leitrim,Both sexes,2015,Mean Annual Earnings (Euro),35789
Leitrim,Both sexes,2015,Median Annual Earnings (Euro),32366
Leitrim,Both sexes,2016,Mean Annual Earnings (Euro),35456
Leitrim,Both sexes,2016,Median Annual Earnings (Euro),31648
Leitrim,Both sexes,2017,Mean Annual Earnings (Euro),36191
Leitrim,Both sexes,2017,Median Annual Earnings (Euro),32113
Leitrim,Both sexes,2018,Mean Annual Earnings (Euro),37238
Leitrim,Both sexes,2018,Median Annual Earnings (Euro),33163
Leitrim,Male,2011,Mean Annual Earnings (Euro),38430
Leitrim,Male,2011,Median Annual Earnings (Euro),34251
Leitrim,Male,2012,Mean Annual Earnings (Euro),37957
Leitrim,Male,2012,Median Annual Earnings (Euro),33471
Leitrim,Male,2013,Mean Annual Earnings (Euro),38405
Leitrim,Male,2013,Median Annual Earnings (Euro),33726
Leitrim,Male,2014,Mean Annual Earnings (Euro),38695
Leitrim,Male,2014,Median Annual Earnings (Euro),33501
Leitrim,Male,2015,Mean Annual Earnings (Euro),39071
Leitrim,Male,2015,Median Annual Earnings (Euro),34049
Leitrim,Male,2016,Mean Annual Earnings (Euro),38812
Leitrim,Male,2016,Median Annual Earnings (Euro),32928
Leitrim,Male,2017,Mean Annual Earnings (Euro),39521
Leitrim,Male,2017,Median Annual Earnings (Euro),33449
Leitrim,Male,2018,Mean Annual Earnings (Euro),40888
Leitrim,Male,2018,Median Annual Earnings (Euro),34909
Leitrim,Female,2011,Mean Annual Earnings (Euro),31947
Leitrim,Female,2011,Median Annual Earnings (Euro),29591
Leitrim,Female,2012,Mean Annual Earnings (Euro),31888
Leitrim,Female,2012,Median Annual Earnings (Euro),29302
Leitrim,Female,2013,Mean Annual Earnings (Euro),32438
Leitrim,Female,2013,Median Annual Earnings (Euro),30060
Leitrim,Female,2014,Mean Annual Earnings (Euro),32683
Leitrim,Female,2014,Median Annual Earnings (Euro),30497
Leitrim,Female,2015,Mean Annual Earnings (Euro),33119
Leitrim,Female,2015,Median Annual Earnings (Euro),30579
Leitrim,Female,2016,Mean Annual Earnings (Euro),32530
Leitrim,Female,2016,Median Annual Earnings (Euro),30000
Leitrim,Female,2017,Mean Annual Earnings (Euro),33198
Leitrim,Female,2017,Median Annual Earnings (Euro),30579
Leitrim,Female,2018,Mean Annual Earnings (Euro),33964
Leitrim,Female,2018,Median Annual Earnings (Euro),31151
Mayo,Both sexes,2011,Mean Annual Earnings (Euro),34522
Mayo,Both sexes,2011,Median Annual Earnings (Euro),30403
Mayo,Both sexes,2012,Mean Annual Earnings (Euro),34723
Mayo,Both sexes,2012,Median Annual Earnings (Euro),30757
Mayo,Both sexes,2013,Mean Annual Earnings (Euro),34923
Mayo,Both sexes,2013,Median Annual Earnings (Euro),30918
Mayo,Both sexes,2014,Mean Annual Earnings (Euro),35443
Mayo,Both sexes,2014,Median Annual Earnings (Euro),31499
Mayo,Both sexes,2015,Mean Annual Earnings (Euro),35854
Mayo,Both sexes,2015,Median Annual Earnings (Euro),31561
Mayo,Both sexes,2016,Mean Annual Earnings (Euro),35786
Mayo,Both sexes,2016,Median Annual Earnings (Euro),31365
Mayo,Both sexes,2017,Mean Annual Earnings (Euro),36113
Mayo,Both sexes,2017,Median Annual Earnings (Euro),31731
Mayo,Both sexes,2018,Mean Annual Earnings (Euro),37703
Mayo,Both sexes,2018,Median Annual Earnings (Euro),33011
Mayo,Male,2011,Mean Annual Earnings (Euro),38476
Mayo,Male,2011,Median Annual Earnings (Euro),33257
Mayo,Male,2012,Mean Annual Earnings (Euro),38689
Mayo,Male,2012,Median Annual Earnings (Euro),33347
Mayo,Male,2013,Mean Annual Earnings (Euro),38835
Mayo,Male,2013,Median Annual Earnings (Euro),33424
Mayo,Male,2014,Mean Annual Earnings (Euro),39374
Mayo,Male,2014,Median Annual Earnings (Euro),34136
Mayo,Male,2015,Mean Annual Earnings (Euro),39742
Mayo,Male,2015,Median Annual Earnings (Euro),34054
Mayo,Male,2016,Mean Annual Earnings (Euro),39829
Mayo,Male,2016,Median Annual Earnings (Euro),33837
Mayo,Male,2017,Mean Annual Earnings (Euro),39887
Mayo,Male,2017,Median Annual Earnings (Euro),34020
Mayo,Male,2018,Mean Annual Earnings (Euro),41758
Mayo,Male,2018,Median Annual Earnings (Euro),35202
Mayo,Female,2011,Mean Annual Earnings (Euro),31175
Mayo,Female,2011,Median Annual Earnings (Euro),27505
Mayo,Female,2012,Mean Annual Earnings (Euro),31349
Mayo,Female,2012,Median Annual Earnings (Euro),27842
Mayo,Female,2013,Mean Annual Earnings (Euro),31527
Mayo,Female,2013,Median Annual Earnings (Euro),28115
Mayo,Female,2014,Mean Annual Earnings (Euro),31927
Mayo,Female,2014,Median Annual Earnings (Euro),28818
Mayo,Female,2015,Mean Annual Earnings (Euro),32414
Mayo,Female,2015,Median Annual Earnings (Euro),28850
Mayo,Female,2016,Mean Annual Earnings (Euro),32091
Mayo,Female,2016,Median Annual Earnings (Euro),28713
Mayo,Female,2017,Mean Annual Earnings (Euro),32642
Mayo,Female,2017,Median Annual Earnings (Euro),29106
Mayo,Female,2018,Mean Annual Earnings (Euro),33915
Mayo,Female,2018,Median Annual Earnings (Euro),30222
Roscommon,Both sexes,2011,Mean Annual Earnings (Euro),35752
Roscommon,Both sexes,2011,Median Annual Earnings (Euro),32052
Roscommon,Both sexes,2012,Mean Annual Earnings (Euro),35803
Roscommon,Both sexes,2012,Median Annual Earnings (Euro),32034
Roscommon,Both sexes,2013,Mean Annual Earnings (Euro),35996
Roscommon,Both sexes,2013,Median Annual Earnings (Euro),32120
Roscommon,Both sexes,2014,Mean Annual Earnings (Euro),36338
Roscommon,Both sexes,2014,Median Annual Earnings (Euro),32549
Roscommon,Both sexes,2015,Mean Annual Earnings (Euro),36866
Roscommon,Both sexes,2015,Median Annual Earnings (Euro),32885
Roscommon,Both sexes,2016,Mean Annual Earnings (Euro),36897
Roscommon,Both sexes,2016,Median Annual Earnings (Euro),32704
Roscommon,Both sexes,2017,Mean Annual Earnings (Euro),37461
Roscommon,Both sexes,2017,Median Annual Earnings (Euro),33129
Roscommon,Both sexes,2018,Mean Annual Earnings (Euro),38628
Roscommon,Both sexes,2018,Median Annual Earnings (Euro),34082
Roscommon,Male,2011,Mean Annual Earnings (Euro),39903
Roscommon,Male,2011,Median Annual Earnings (Euro),35559
Roscommon,Male,2012,Mean Annual Earnings (Euro),39959
Roscommon,Male,2012,Median Annual Earnings (Euro),35377
Roscommon,Male,2013,Mean Annual Earnings (Euro),39932
Roscommon,Male,2013,Median Annual Earnings (Euro),35199
Roscommon,Male,2014,Mean Annual Earnings (Euro),40171
Roscommon,Male,2014,Median Annual Earnings (Euro),35330
Roscommon,Male,2015,Mean Annual Earnings (Euro),40685
Roscommon,Male,2015,Median Annual Earnings (Euro),35628
Roscommon,Male,2016,Mean Annual Earnings (Euro),40715
Roscommon,Male,2016,Median Annual Earnings (Euro),35368
Roscommon,Male,2017,Mean Annual Earnings (Euro),41454
Roscommon,Male,2017,Median Annual Earnings (Euro),35511
Roscommon,Male,2018,Mean Annual Earnings (Euro),42728
Roscommon,Male,2018,Median Annual Earnings (Euro),36642
Roscommon,Female,2011,Mean Annual Earnings (Euro),32230
Roscommon,Female,2011,Median Annual Earnings (Euro),29033
Roscommon,Female,2012,Mean Annual Earnings (Euro),32277
Roscommon,Female,2012,Median Annual Earnings (Euro),29115
Roscommon,Female,2013,Mean Annual Earnings (Euro),32621
Roscommon,Female,2013,Median Annual Earnings (Euro),29652
Roscommon,Female,2014,Mean Annual Earnings (Euro),33034
Roscommon,Female,2014,Median Annual Earnings (Euro),30040
Roscommon,Female,2015,Mean Annual Earnings (Euro),33490
Roscommon,Female,2015,Median Annual Earnings (Euro),30318
Roscommon,Female,2016,Mean Annual Earnings (Euro),33321
Roscommon,Female,2016,Median Annual Earnings (Euro),30108
Roscommon,Female,2017,Mean Annual Earnings (Euro),33702
Roscommon,Female,2017,Median Annual Earnings (Euro),30161
Roscommon,Female,2018,Mean Annual Earnings (Euro),34785
Roscommon,Female,2018,Median Annual Earnings (Euro),31099
Sligo,Both sexes,2011,Mean Annual Earnings (Euro),36583
Sligo,Both sexes,2011,Median Annual Earnings (Euro),32393
Sligo,Both sexes,2012,Mean Annual Earnings (Euro),36555
Sligo,Both sexes,2012,Median Annual Earnings (Euro),32393
Sligo,Both sexes,2013,Mean Annual Earnings (Euro),37044
Sligo,Both sexes,2013,Median Annual Earnings (Euro),32810
Sligo,Both sexes,2014,Mean Annual Earnings (Euro),37223
Sligo,Both sexes,2014,Median Annual Earnings (Euro),33116
Sligo,Both sexes,2015,Mean Annual Earnings (Euro),37672
Sligo,Both sexes,2015,Median Annual Earnings (Euro),33528
Sligo,Both sexes,2016,Mean Annual Earnings (Euro),37682
Sligo,Both sexes,2016,Median Annual Earnings (Euro),33096
Sligo,Both sexes,2017,Mean Annual Earnings (Euro),38243
Sligo,Both sexes,2017,Median Annual Earnings (Euro),33450
Sligo,Both sexes,2018,Mean Annual Earnings (Euro),39466
Sligo,Both sexes,2018,Median Annual Earnings (Euro),34507
Sligo,Male,2011,Mean Annual Earnings (Euro),40799
Sligo,Male,2011,Median Annual Earnings (Euro),34963
Sligo,Male,2012,Mean Annual Earnings (Euro),40281
Sligo,Male,2012,Median Annual Earnings (Euro),34199
Sligo,Male,2013,Mean Annual Earnings (Euro),40980
Sligo,Male,2013,Median Annual Earnings (Euro),34531
Sligo,Male,2014,Mean Annual Earnings (Euro),41061
Sligo,Male,2014,Median Annual Earnings (Euro),34708
Sligo,Male,2015,Mean Annual Earnings (Euro),41361
Sligo,Male,2015,Median Annual Earnings (Euro),35010
Sligo,Male,2016,Mean Annual Earnings (Euro),41734
Sligo,Male,2016,Median Annual Earnings (Euro),34905
Sligo,Male,2017,Mean Annual Earnings (Euro),42202
Sligo,Male,2017,Median Annual Earnings (Euro),34957
Sligo,Male,2018,Mean Annual Earnings (Euro),43388
Sligo,Male,2018,Median Annual Earnings (Euro),36075
Sligo,Female,2011,Mean Annual Earnings (Euro),33157
Sligo,Female,2011,Median Annual Earnings (Euro),30107
Sligo,Female,2012,Mean Annual Earnings (Euro),33495
Sligo,Female,2012,Median Annual Earnings (Euro),30754
Sligo,Female,2013,Mean Annual Earnings (Euro),33685
Sligo,Female,2013,Median Annual Earnings (Euro),30940
Sligo,Female,2014,Mean Annual Earnings (Euro),33944
Sligo,Female,2014,Median Annual Earnings (Euro),31543
Sligo,Female,2015,Mean Annual Earnings (Euro),34509
Sligo,Female,2015,Median Annual Earnings (Euro),32000
Sligo,Female,2016,Mean Annual Earnings (Euro),34189
Sligo,Female,2016,Median Annual Earnings (Euro),31522
Sligo,Female,2017,Mean Annual Earnings (Euro),34749
Sligo,Female,2017,Median Annual Earnings (Euro),32000
Sligo,Female,2018,Mean Annual Earnings (Euro),35898
Sligo,Female,2018,Median Annual Earnings (Euro),33001
Cavan,Both sexes,2011,Mean Annual Earnings (Euro),34657
Cavan,Both sexes,2011,Median Annual Earnings (Euro),30309
Cavan,Both sexes,2012,Mean Annual Earnings (Euro),34363
Cavan,Both sexes,2012,Median Annual Earnings (Euro),30240
Cavan,Both sexes,2013,Mean Annual Earnings (Euro),34646
Cavan,Both sexes,2013,Median Annual Earnings (Euro),30395
Cavan,Both sexes,2014,Mean Annual Earnings (Euro),35004
Cavan,Both sexes,2014,Median Annual Earnings (Euro),30603
Cavan,Both sexes,2015,Mean Annual Earnings (Euro),35532
Cavan,Both sexes,2015,Median Annual Earnings (Euro),30984
Cavan,Both sexes,2016,Mean Annual Earnings (Euro),35685
Cavan,Both sexes,2016,Median Annual Earnings (Euro),31175
Cavan,Both sexes,2017,Mean Annual Earnings (Euro),36153
Cavan,Both sexes,2017,Median Annual Earnings (Euro),31445
Cavan,Both sexes,2018,Mean Annual Earnings (Euro),37243
Cavan,Both sexes,2018,Median Annual Earnings (Euro),32308
Cavan,Male,2011,Mean Annual Earnings (Euro),38904
Cavan,Male,2011,Median Annual Earnings (Euro),33101
Cavan,Male,2012,Mean Annual Earnings (Euro),38315
Cavan,Male,2012,Median Annual Earnings (Euro),32716
Cavan,Male,2013,Mean Annual Earnings (Euro),38439
Cavan,Male,2013,Median Annual Earnings (Euro),32815
Cavan,Male,2014,Mean Annual Earnings (Euro),38637
Cavan,Male,2014,Median Annual Earnings (Euro),32906
Cavan,Male,2015,Mean Annual Earnings (Euro),39025
Cavan,Male,2015,Median Annual Earnings (Euro),32868
Cavan,Male,2016,Mean Annual Earnings (Euro),39491
Cavan,Male,2016,Median Annual Earnings (Euro),33260
Cavan,Male,2017,Mean Annual Earnings (Euro),39919
Cavan,Male,2017,Median Annual Earnings (Euro),33526
Cavan,Male,2018,Mean Annual Earnings (Euro),41043
Cavan,Male,2018,Median Annual Earnings (Euro),34614
Cavan,Female,2011,Mean Annual Earnings (Euro),30844
Cavan,Female,2011,Median Annual Earnings (Euro),27340
Cavan,Female,2012,Mean Annual Earnings (Euro),30831
Cavan,Female,2012,Median Annual Earnings (Euro),27447
Cavan,Female,2013,Mean Annual Earnings (Euro),31213
Cavan,Female,2013,Median Annual Earnings (Euro),27713
Cavan,Female,2014,Mean Annual Earnings (Euro),31598
Cavan,Female,2014,Median Annual Earnings (Euro),28109
Cavan,Female,2015,Mean Annual Earnings (Euro),32134
Cavan,Female,2015,Median Annual Earnings (Euro),28685
Cavan,Female,2016,Mean Annual Earnings (Euro),31754
Cavan,Female,2016,Median Annual Earnings (Euro),28585
Cavan,Female,2017,Mean Annual Earnings (Euro),32173
Cavan,Female,2017,Median Annual Earnings (Euro),28537
Cavan,Female,2018,Mean Annual Earnings (Euro),33256
Cavan,Female,2018,Median Annual Earnings (Euro),29328
Donegal,Both sexes,2011,Mean Annual Earnings (Euro),32018
Donegal,Both sexes,2011,Median Annual Earnings (Euro),27672
Donegal,Both sexes,2012,Mean Annual Earnings (Euro),32075
Donegal,Both sexes,2012,Median Annual Earnings (Euro),27622
Donegal,Both sexes,2013,Mean Annual Earnings (Euro),32046
Donegal,Both sexes,2013,Median Annual Earnings (Euro),27720
Donegal,Both sexes,2014,Mean Annual Earnings (Euro),32223
Donegal,Both sexes,2014,Median Annual Earnings (Euro),28070
Donegal,Both sexes,2015,Mean Annual Earnings (Euro),32557
Donegal,Both sexes,2015,Median Annual Earnings (Euro),28301
Donegal,Both sexes,2016,Mean Annual Earnings (Euro),32232
Donegal,Both sexes,2016,Median Annual Earnings (Euro),28057
Donegal,Both sexes,2017,Mean Annual Earnings (Euro),32600
Donegal,Both sexes,2017,Median Annual Earnings (Euro),28369
Donegal,Both sexes,2018,Mean Annual Earnings (Euro),33776
Donegal,Both sexes,2018,Median Annual Earnings (Euro),29298
Donegal,Male,2011,Mean Annual Earnings (Euro),35027
Donegal,Male,2011,Median Annual Earnings (Euro),29835
Donegal,Male,2012,Mean Annual Earnings (Euro),34732
Donegal,Male,2012,Median Annual Earnings (Euro),29323
Donegal,Male,2013,Mean Annual Earnings (Euro),34369
Donegal,Male,2013,Median Annual Earnings (Euro),28954
Donegal,Male,2014,Mean Annual Earnings (Euro),34677
Donegal,Male,2014,Median Annual Earnings (Euro),29276
Donegal,Male,2015,Mean Annual Earnings (Euro),35117
Donegal,Male,2015,Median Annual Earnings (Euro),29592
Donegal,Male,2016,Mean Annual Earnings (Euro),34716
Donegal,Male,2016,Median Annual Earnings (Euro),29437
Donegal,Male,2017,Mean Annual Earnings (Euro),35012
Donegal,Male,2017,Median Annual Earnings (Euro),29711
Donegal,Male,2018,Mean Annual Earnings (Euro),36373
Donegal,Male,2018,Median Annual Earnings (Euro),30635
Donegal,Female,2011,Mean Annual Earnings (Euro),29559
Donegal,Female,2011,Median Annual Earnings (Euro),25692
Donegal,Female,2012,Mean Annual Earnings (Euro),29880
Donegal,Female,2012,Median Annual Earnings (Euro),26000
Donegal,Female,2013,Mean Annual Earnings (Euro),30066
Donegal,Female,2013,Median Annual Earnings (Euro),26333
Donegal,Female,2014,Mean Annual Earnings (Euro),30116
Donegal,Female,2014,Median Annual Earnings (Euro),26835
Donegal,Female,2015,Mean Annual Earnings (Euro),30344
Donegal,Female,2015,Median Annual Earnings (Euro),26813
Donegal,Female,2016,Mean Annual Earnings (Euro),29990
Donegal,Female,2016,Median Annual Earnings (Euro),26406
Donegal,Female,2017,Mean Annual Earnings (Euro),30398
Donegal,Female,2017,Median Annual Earnings (Euro),26640
Donegal,Female,2018,Mean Annual Earnings (Euro),31356
Donegal,Female,2018,Median Annual Earnings (Euro),27482
Monaghan,Both sexes,2011,Mean Annual Earnings (Euro),32668
Monaghan,Both sexes,2011,Median Annual Earnings (Euro),27842
Monaghan,Both sexes,2012,Mean Annual Earnings (Euro),32716
Monaghan,Both sexes,2012,Median Annual Earnings (Euro),28061
Monaghan,Both sexes,2013,Mean Annual Earnings (Euro),32743
Monaghan,Both sexes,2013,Median Annual Earnings (Euro),27920
Monaghan,Both sexes,2014,Mean Annual Earnings (Euro),32718
Monaghan,Both sexes,2014,Median Annual Earnings (Euro),28153
Monaghan,Both sexes,2015,Mean Annual Earnings (Euro),32902
Monaghan,Both sexes,2015,Median Annual Earnings (Euro),28478
Monaghan,Both sexes,2016,Mean Annual Earnings (Euro),32851
Monaghan,Both sexes,2016,Median Annual Earnings (Euro),28836
Monaghan,Both sexes,2017,Mean Annual Earnings (Euro),33614
Monaghan,Both sexes,2017,Median Annual Earnings (Euro),29413
Monaghan,Both sexes,2018,Mean Annual Earnings (Euro),34685
Monaghan,Both sexes,2018,Median Annual Earnings (Euro),30256
Monaghan,Male,2011,Mean Annual Earnings (Euro),35312
Monaghan,Male,2011,Median Annual Earnings (Euro),29675
Monaghan,Male,2012,Mean Annual Earnings (Euro),35241
Monaghan,Male,2012,Median Annual Earnings (Euro),29734
Monaghan,Male,2013,Mean Annual Earnings (Euro),35203
Monaghan,Male,2013,Median Annual Earnings (Euro),29609
Monaghan,Male,2014,Mean Annual Earnings (Euro),35106
Monaghan,Male,2014,Median Annual Earnings (Euro),29504
Monaghan,Male,2015,Mean Annual Earnings (Euro),35017
Monaghan,Male,2015,Median Annual Earnings (Euro),29608
Monaghan,Male,2016,Mean Annual Earnings (Euro),35105
Monaghan,Male,2016,Median Annual Earnings (Euro),30337
Monaghan,Male,2017,Mean Annual Earnings (Euro),36039
Monaghan,Male,2017,Median Annual Earnings (Euro),31071
Monaghan,Male,2018,Mean Annual Earnings (Euro),37257
Monaghan,Male,2018,Median Annual Earnings (Euro),31927
Monaghan,Female,2011,Mean Annual Earnings (Euro),30310
Monaghan,Female,2011,Median Annual Earnings (Euro),25986
Monaghan,Female,2012,Mean Annual Earnings (Euro),30483
Monaghan,Female,2012,Median Annual Earnings (Euro),26257
Monaghan,Female,2013,Mean Annual Earnings (Euro),30535
Monaghan,Female,2013,Median Annual Earnings (Euro),26116
Monaghan,Female,2014,Mean Annual Earnings (Euro),30467
Monaghan,Female,2014,Median Annual Earnings (Euro),26652
Monaghan,Female,2015,Mean Annual Earnings (Euro),30909
Monaghan,Female,2015,Median Annual Earnings (Euro),26862
Monaghan,Female,2016,Mean Annual Earnings (Euro),30571
Monaghan,Female,2016,Median Annual Earnings (Euro),26763
Monaghan,Female,2017,Mean Annual Earnings (Euro),31106
Monaghan,Female,2017,Median Annual Earnings (Euro),26987
Monaghan,Female,2018,Mean Annual Earnings (Euro),32039
Monaghan,Female,2018,Median Annual Earnings (Euro),27494
